{
    "profile": "tabular-data-package",
    "resources": [
        {
            "path": "data/odc-sci_851.csv",
            "profile": "tabular-data-resource",
            "name": "odc-sci_851",
            "format": "csv",
            "mediatype": "text/csv",
            "encoding": "utf-8",
            "schema": {
                "fields": [
                    {
                        "name": "Subject_ID",
                        "type": "string",
                        "format": "default"
                    },
                    {
                        "name": "Species",
                        "type": "string",
                        "format": "default"
                    },
                    {
                        "name": "Strain",
                        "type": "string",
                        "format": "default"
                    },
                    {
                        "name": "Animal_origin",
                        "type": "string",
                        "format": "default"
                    },
                    {
                        "name": "Age",
                        "type": "integer",
                        "format": "default"
                    },
                    {
                        "name": "Weight",
                        "type": "integer",
                        "format": "default"
                    },
                    {
                        "name": "Sex",
                        "type": "string",
                        "format": "default"
                    },
                    {
                        "name": "Group",
                        "type": "string",
                        "format": "default"
                    },
                    {
                        "name": "Laboratory",
                        "type": "string",
                        "format": "default"
                    },
                    {
                        "name": "StudyLeader",
                        "type": "string",
                        "format": "default"
                    },
                    {
                        "name": "Published",
                        "type": "string",
                        "format": "default"
                    },
                    {
                        "name": "Exclusion_in_origin_study",
                        "type": "string",
                        "format": "default"
                    },
                    {
                        "name": "Exclusion_reason",
                        "type": "string",
                        "format": "default"
                    },
                    {
                        "name": "Cause_of_Death",
                        "type": "string",
                        "format": "default"
                    },
                    {
                        "name": "Injury_type",
                        "type": "string",
                        "format": "default"
                    },
                    {
                        "name": "Injury_device",
                        "type": "string",
                        "format": "default"
                    },
                    {
                        "name": "Injury_level",
                        "type": "string",
                        "format": "default"
                    },
                    {
                        "name": "Injury_details",
                        "type": "string",
                        "format": "default"
                    },
                    {
                        "name": "Notes_on_surgery",
                        "type": "string",
                        "format": "default"
                    },
                    {
                        "name": "Impact_Force_Intended",
                        "type": "integer",
                        "format": "default"
                    },
                    {
                        "name": "Impact_Force_Actual",
                        "type": "integer",
                        "format": "default"
                    },
                    {
                        "name": "Displacement_of_contusion",
                        "type": "integer",
                        "format": "default"
                    },
                    {
                        "name": "BBB_score_baseline",
                        "type": "integer",
                        "format": "default"
                    },
                    {
                        "name": "BBB_score_1d",
                        "type": "integer",
                        "format": "default"
                    },
                    {
                        "name": "BBB_score_3d",
                        "type": "number",
                        "format": "default"
                    },
                    {
                        "name": "BBB_score_7d",
                        "type": "integer",
                        "format": "default"
                    },
                    {
                        "name": "BBB_score_14d",
                        "type": "integer",
                        "format": "default"
                    },
                    {
                        "name": "BBB_score_21d",
                        "type": "integer",
                        "format": "default"
                    },
                    {
                        "name": "BBB_score_28d",
                        "type": "integer",
                        "format": "default"
                    },
                    {
                        "name": "BBB_score_35d",
                        "type": "integer",
                        "format": "default"
                    },
                    {
                        "name": "BBB_score_42d",
                        "type": "integer",
                        "format": "default"
                    },
                    {
                        "name": "BBB_score_49d",
                        "type": "integer",
                        "format": "default"
                    },
                    {
                        "name": "BBB_score_56d",
                        "type": "integer",
                        "format": "default"
                    },
                    {
                        "name": "BBB_score_63d",
                        "type": "integer",
                        "format": "default"
                    },
                    {
                        "name": "BBB_score_70d",
                        "type": "integer",
                        "format": "default"
                    },
                    {
                        "name": "Hargreaves_norm_BL",
                        "type": "integer",
                        "format": "default"
                    },
                    {
                        "name": "Hargreaves_norm_14dpi",
                        "type": "number",
                        "format": "default"
                    },
                    {
                        "name": "Hargreaves_norm_21dpi",
                        "type": "number",
                        "format": "default"
                    },
                    {
                        "name": "Hargreaves_norm_28dpi",
                        "type": "number",
                        "format": "default"
                    },
                    {
                        "name": "Hargreaves_norm_35dpi",
                        "type": "number",
                        "format": "default"
                    },
                    {
                        "name": "Hargreaves_norm_42dpi",
                        "type": "number",
                        "format": "default"
                    },
                    {
                        "name": "Hargreaves_norm_49dpi",
                        "type": "number",
                        "format": "default"
                    },
                    {
                        "name": "Hargreaves_norm_56dpi",
                        "type": "number",
                        "format": "default"
                    },
                    {
                        "name": "Hargreaves_norm_63dpi",
                        "type": "number",
                        "format": "default"
                    },
                    {
                        "name": "Hargreaves_norm_70dpi",
                        "type": "number",
                        "format": "default"
                    },
                    {
                        "name": "von Frey_norm_BL",
                        "type": "integer",
                        "format": "default"
                    },
                    {
                        "name": "von Frey_norm_14dpi",
                        "type": "number",
                        "format": "default"
                    },
                    {
                        "name": "von Frey_norm_21dpi",
                        "type": "number",
                        "format": "default"
                    },
                    {
                        "name": "von Frey_norm_28dpi",
                        "type": "number",
                        "format": "default"
                    },
                    {
                        "name": "von Frey_norm_35dpi",
                        "type": "number",
                        "format": "default"
                    },
                    {
                        "name": "von Frey_norm_42dpi",
                        "type": "number",
                        "format": "default"
                    },
                    {
                        "name": "von Frey_norm_49dpi",
                        "type": "number",
                        "format": "default"
                    },
                    {
                        "name": "von Frey_norm_56dpi",
                        "type": "number",
                        "format": "default"
                    },
                    {
                        "name": "von Frey_norm_63dpi",
                        "type": "number",
                        "format": "default"
                    },
                    {
                        "name": "von Frey_norm_70dpi",
                        "type": "number",
                        "format": "default"
                    },
                    {
                        "name": "Acetone_norm_BL",
                        "type": "integer",
                        "format": "default"
                    },
                    {
                        "name": "Acetone_norm_14dpi",
                        "type": "number",
                        "format": "default"
                    },
                    {
                        "name": "Acetone_norm_21dpi",
                        "type": "number",
                        "format": "default"
                    },
                    {
                        "name": "Acetone_norm_28dpi",
                        "type": "number",
                        "format": "default"
                    },
                    {
                        "name": "Acetone_norm_35dpi",
                        "type": "number",
                        "format": "default"
                    },
                    {
                        "name": "Acetone_norm_42dpi",
                        "type": "number",
                        "format": "default"
                    },
                    {
                        "name": "Acetone_norm_49dpi",
                        "type": "number",
                        "format": "default"
                    },
                    {
                        "name": "Acetone_norm_56dpi",
                        "type": "number",
                        "format": "default"
                    },
                    {
                        "name": "Acetone_norm_63dpi",
                        "type": "number",
                        "format": "default"
                    },
                    {
                        "name": "Acetone_norm_70dpi",
                        "type": "number",
                        "format": "default"
                    }
                ],
                "missingValues": [
                    ""
                ]
            }
        },
        {
            "path": "data/odc-sci_851_dictionary.csv",
            "profile": "tabular-data-resource",
            "name": "odc-sci_851_dictionary",
            "format": "csv",
            "mediatype": "text/csv",
            "encoding": "utf-8",
            "schema": {
                "fields": [
                    {
                        "name": "VariableName",
                        "type": "string",
                        "format": "default"
                    },
                    {
                        "name": "Title",
                        "type": "string",
                        "format": "default"
                    },
                    {
                        "name": "Unit_of_Measure",
                        "type": "string",
                        "format": "default"
                    },
                    {
                        "name": "Description",
                        "type": "string",
                        "format": "default"
                    },
                    {
                        "name": "DataType",
                        "type": "string",
                        "format": "default"
                    },
                    {
                        "name": "PermittedValues",
                        "type": "string",
                        "format": "default"
                    },
                    {
                        "name": "MinimumValue",
                        "type": "integer",
                        "format": "default"
                    },
                    {
                        "name": "MaximumValue",
                        "type": "integer",
                        "format": "default"
                    },
                    {
                        "name": "Comments",
                        "type": "string",
                        "format": "default"
                    }
                ],
                "missingValues": [
                    ""
                ]
            }
        }
    ]
}