VariableName,Title,Unit_of_Measure,Description,DataType,PermittedValues,MinimumValue,MaximumValue,Comments
Subject_ID,Subject identifier,,Unique identifiers for each subject in the dataset,Categorical,,,,Required for publication
Species,Species,,Animal species,Categorical,Rat (Rattus),,,Required for publication
Strain,Strain,,Animal strain,Categorical,Sprague Dawley,,,Required for publication with option of 'unknown' or 'not available'
Animal_origin,Animal vendor or origin of the animal,,Animal vendor or origin of the animal,Categorical,Charles River,,,Required for publication; Set to 'not available' if data is not present
Age,Age of the subject in weeks,Weeks,Age of the subject at start of experiment,Numeric,6,,,Required for publication; Set to 'not available' if data is not present
Weight,Weight,Grams,Weight of the subject at time of injury,Numeric,200-250,,,Required for publication; Set to 'not available' if data is not present
Sex,Sex of the subject,,Male or female,Categorical,Female,,,Required for publication
Group,Experimental group,,Name or identifier of the experimental group,Categorical,"Na�ve, SCI-hM4Di, SCI-YFP, Sham-hM4Di, Sham-YFP",,,Required for publication; Set to 'not applicable' if  do not apply
Laboratory,Laboratory name,,Laboratory PI,Categorical,Dulin lab,,,Required for publication
StudyLeader,Study leader,,Name of person in Moon/Warren lab responsible for overseeing project ,Categorical,Prakruthi Amar Kumar,,,Required for publication; Set to 'not available' if data is not present or do not want to disclosure
Published,Whether the study was published,,"General category of whether the study was published/in press, under review/pre-press, or unpublished.",Categorical,Unpublished,,,Required for publication
Exclusion_in_origin_study,Whether the subject was excluded in the originating study,,Whether the subject and data points were removed from the study.,Categorical,"Yes, No",,,Required for publication
Exclusion_reason,Reason for subject exclusion,,Reason for subject exclusion,Free text,,,,Required for publication
Cause_of_Death,Cause of subject death,,"Cause of death (e.g. perfusion/necropsy, died during surgery, euthanized for health reasons, etc)",Free text,"Perfusion, Mortality during surgery",,,Required for publication; Set to 'not applicable' if  do not apply
Injury_type,Type or model of injury,,"Type or model of SCI used (e.g. contusion, complete transaction, partial section)",Categorical,"Contusion, Sham",,,Required for publication; Set to 'not applicable' if  do not apply
Injury_device,Device used for injury,,Name of the device used for the SCI,Character,IH,,,Required for publication; Set to 'not applicable' if  do not apply
Injury_level,Spinal level of the injury,,Spinal cord level at which the injury was performed including segment (e.g. cervical; C) and number (e.g. C5),Character,T10,,,Required for publication; Set to 'not applicable' if  do not apply
Injury_details,Injury details,,"Shape of the time vs. displacement curve with IH, normal (n), steep (s), multiple peaks (m)",Character,"n, s, m",,,Required for publication; Set to 'not applicable' if  do not apply
Notes_on_surgery,Notes on surgery,,Notes on the subject surgery which may affect outcome measures,Free text,,,,
Impact_Force_Intended,Impact force intended,kdyn,Impactor force setting programmed into IH device for the SCI,Numeric,150,,,"value of 0 indicates sham injury, i.e. no contusion"
Impact_Force_Actual,Impact force of contusion,kdyn,"Impact force delivered to the cord, as displayed on IH device after injury",Numeric,,200,300,"value of 0 indicates sham injury, i.e. no contusion"
Displacement_of_contusion,Injury displacement,um,"Spinal cord displacement during injury, as displayed on IH device after injury",Integer,,,,"value of 0 indicates sham injury, i.e. no contusion"
BBB_score_baseline,BBB score baseline,,"BBB score, prior to injury according to the Basso, Beattie and Bresnaham (BBB) locomotor scale. Assessment of hindlimb locomotion performed by 2 independent assessors in real time. Hindlimb scores were averaged to give one score per animal. ",Numeric,,0,21,
BBB_score_1d ,BBB score 1 day post-injury,,"BBB score, 1 day post-injury according to the Basso, Beattie and Bresnaham (BBB) locomotor scale. Assessment of hindlimb locomotion performed by 2 independent assessors in real time. Hindlimb scores were averaged to give one score per animal. ",Numeric,,0,21,
BBB_score_3d,BBB score 3 days post-injury,,"BBB score, 3 days post-injury according to the Basso, Beattie and Bresnaham (BBB) locomotor scale. Assessment of hindlimb locomotion performed by 2 independent assessors in real time. Hindlimb scores were averaged to give one score per animal. ",Numeric,,0,21,
BBB_score_7d,BBB score 7 days post-injury,,"BBB score, 7 days post-injury according to the Basso, Beattie and Bresnaham (BBB) locomotor scale. Assessment of hindlimb locomotion performed by 2 independent assessors in real time. Hindlimb scores were averaged to give one score per animal. ",Numeric,,0,21,
BBB_score_14d,BBB score 14 days post-injury,,"BBB score, 14 days post-injury according to the Basso, Beattie and Bresnaham (BBB) locomotor scale. Assessment of hindlimb locomotion performed by 2 independent assessors in real time. Hindlimb scores were averaged to give one score per animal. ",Numeric,,0,21,
BBB_score_21d,BBB score 21 days post-injury,,"BBB score, 21 days post-injury according to the Basso, Beattie and Bresnaham (BBB) locomotor scale. Assessment of hindlimb locomotion performed by 2 independent assessors in real time. Hindlimb scores were averaged to give one score per animal. ",Numeric,,0,21,
BBB_score_28d,BBB score 28 days post-injury,,"BBB score, 28 days post-injury according to the Basso, Beattie and Bresnaham (BBB) locomotor scale. Assessment of hindlimb locomotion performed by 2 independent assessors in real time. Hindlimb scores were averaged to give one score per animal. ",Numeric,,0,21,
BBB_score_35d,BBB score 35 days post-injury,,"BBB score, 35 days post-injury according to the Basso, Beattie and Bresnaham (BBB) locomotor scale. Assessment of hindlimb locomotion performed by 2 independent assessors in real time. Hindlimb scores were averaged to give one score per animal. ",Numeric,,0,21,
BBB_score_42d,BBB score 42 days post-injury,,"BBB score, 42 days post-injury according to the Basso, Beattie and Bresnaham (BBB) locomotor scale. Assessment of hindlimb locomotion performed by 2 independent assessors in real time. Hindlimb scores were averaged to give one score per animal. ",Numeric,,0,21,
BBB_score_49d,BBB score 49 days post-injury,,"BBB score, 49 days post-injury according to the Basso, Beattie and Bresnaham (BBB) locomotor scale. Assessment of hindlimb locomotion performed by 2 independent assessors in real time. Hindlimb scores were averaged to give one score per animal. ",Numeric,,0,21,
BBB_score_56d,BBB score 56 days post-injury,,"BBB score, 56 days post-injury according to the Basso, Beattie and Bresnaham (BBB) locomotor scale. Assessment of hindlimb locomotion performed by 2 independent assessors in real time. Hindlimb scores were averaged to give one score per animal. ",Numeric,,0,21,
BBB_score_63d,BBB score 63 days post-injury,,"BBB score, 63 days post-injury according to the Basso, Beattie and Bresnaham (BBB) locomotor scale. Assessment of hindlimb locomotion performed by 2 independent assessors in real time. Hindlimb scores were averaged to give one score per animal. ",Numeric,,0,21,
BBB_score_70d,BBB score 70 days post-injury,,"BBB score, 70 days post-injury according to the Basso, Beattie and Bresnaham (BBB) locomotor scale. Assessment of hindlimb locomotion performed by 2 independent assessors in real time. Hindlimb scores were averaged to give one score per animal. ",Numeric,,0,21,
Hargreaves_norm_BL,Hargreaves baseline,,"Hargreaves score, average of 2-3  baseline scores, averaged for both hindlimbs, and normalized to a value of 1.",,,,,
Hargreaves_norm_14dpi,Hargreaves fold change from baseline 14 days post-injury,,"Hargreaves score at 14 days post-injury, averaged for both hindlimbs and normalized to baseline score.",,,,,
Hargreaves_norm_21dpi,Hargreaves fold change from baseline 21 days post-injury,,"Hargreaves score at 21 days post-injury, averaged for both hindlimbs and normalized to baseline score.",,,,,
Hargreaves_norm_28dpi,Hargreaves fold change from baseline 28 days post-injury,,"Hargreaves score at 28 days post-injury, averaged for both hindlimbs and normalized to baseline score.",,,,,
Hargreaves_norm_35dpi,Hargreaves fold change from baseline 35 days post-injury,,"Hargreaves score at 35 days post-injury, averaged for both hindlimbs and normalized to baseline score.",,,,,
Hargreaves_norm_42dpi,Hargreaves fold change from baseline 42 days post-injury,,"Hargreaves score at 42 days post-injury, averaged for both hindlimbs and normalized to baseline score.",,,,,
Hargreaves_norm_49dpi,Hargreaves fold change from baseline 49 days post-injury,,"Hargreaves score at 49 days post-injury, averaged for both hindlimbs and normalized to baseline score.",,,,,
Hargreaves_norm_56dpi,Hargreaves fold change from baseline 56 days post-injury,,"Hargreaves score at 56 days post-injury, averaged for both hindlimbs and normalized to baseline score.",,,,,
Hargreaves_norm_63dpi,Hargreaves fold change from baseline 63 days post-injury,,"Hargreaves score at 63 days post-injury, averaged for both hindlimbs and normalized to baseline score.",,,,,
Hargreaves_norm_70dpi,Hargreaves fold change from baseline 70 days post-injury,,"Hargreaves score at 70 days post-injury, averaged for both hindlimbs and normalized to baseline score.",,,,,
von Frey_norm_BL,von Frey baseline,,"von Frey score, average of 2-3  baseline scores, averaged for both hindlimbs, and normalized to a value of 1.",,,,,
von Frey_norm_14dpi,von Frey fold change from baseline 14 days post-injury,,"von Frey score at 14 days post-injury, averaged for both hindlimbs and normalized to baseline score.",,,,,
von Frey_norm_21dpi,von Frey fold change from baseline 21 days post-injury,,"von Frey score at 21 days post-injury, averaged for both hindlimbs and normalized to baseline score.",,,,,
von Frey_norm_28dpi,von Frey fold change from baseline 28 days post-injury,,"von Frey score at 28 days post-injury, averaged for both hindlimbs and normalized to baseline score.",,,,,
von Frey_norm_35dpi,von Frey fold change from baseline 35 days post-injury,,"von Frey score at 35 days post-injury, averaged for both hindlimbs and normalized to baseline score.",,,,,
von Frey_norm_42dpi,von Frey fold change from baseline 42 days post-injury,,"von Frey score at 42 days post-injury, averaged for both hindlimbs and normalized to baseline score.",,,,,
von Frey_norm_49dpi,von Frey fold change from baseline 49 days post-injury,,"von Frey score at 49 days post-injury, averaged for both hindlimbs and normalized to baseline score.",,,,,
von Frey_norm_56dpi,von Frey fold change from baseline 56 days post-injury,,"von Frey score at 56 days post-injury, averaged for both hindlimbs and normalized to baseline score.",,,,,
von Frey_norm_63dpi,von Frey fold change from baseline 63 days post-injury,,"von Frey score at 63 days post-injury, averaged for both hindlimbs and normalized to baseline score.",,,,,
von Frey_norm_70dpi,von Frey fold change from baseline 70 days post-injury,,"von Frey score at 70 days post-injury, averaged for both hindlimbs and normalized to baseline score.",,,,,
Acetone_norm_BL,Acetone baseline,,"Acetone score, average of 2-3  baseline scores, averaged for both hindlimbs, and normalized to a value of 1.",,,,,
Acetone_norm_14dpi,Acetone fold change from baseline 14 days post-injury,,"Acetone score at 14 days post-injury, averaged for both hindlimbs and normalized to baseline score.",,,,,
Acetone_norm_21dpi,Acetone fold change from baseline 21 days post-injury,,"Acetone score at 21 days post-injury, averaged for both hindlimbs and normalized to baseline score.",,,,,
Acetone_norm_28dpi,Acetone fold change from baseline 28 days post-injury,,"Acetone score at 28 days post-injury, averaged for both hindlimbs and normalized to baseline score.",,,,,
Acetone_norm_35dpi,Acetone fold change from baseline 35 days post-injury,,"Acetone score at 35 days post-injury, averaged for both hindlimbs and normalized to baseline score.",,,,,
Acetone_norm_42dpi,Acetone fold change from baseline 42 days post-injury,,"Acetone score at 42 days post-injury, averaged for both hindlimbs and normalized to baseline score.",,,,,
Acetone_norm_49dpi,Acetone fold change from baseline 49 days post-injury,,"Acetone score at 49 days post-injury, averaged for both hindlimbs and normalized to baseline score.",,,,,
Acetone_norm_56dpi,Acetone fold change from baseline 56 days post-injury,,"Acetone score at 56 days post-injury, averaged for both hindlimbs and normalized to baseline score.",,,,,
Acetone_norm_63dpi,Acetone fold change from baseline 63 days post-injury,,"Acetone score at 63 days post-injury, averaged for both hindlimbs and normalized to baseline score.",,,,,
Acetone_norm_70dpi,Acetone fold change from baseline 70 days post-injury,,"Acetone score at 70 days post-injury, averaged for both hindlimbs and normalized to baseline score.",,,,,