Subject_ID,Species,Strain,Animal_origin,Age,Weight,Sex,Group,Laboratory,StudyLeader,Published,Exclusion_in_origin_study,Exclusion_reason,Cause_of_Death,Injury_type,Injury_device,Injury_level,Injury_details,Notes_on_surgery,Impact_Force_Intended,Impact_Force_Actual,"Displacement_of_contusion ","BBB_score_baseline ","BBB_score_1d ",BBB_score_3d,BBB_score_7d,BBB_score_14d,BBB_score_21d,BBB_score_28d,BBB_score_35d,BBB_score_42d,BBB_score_49d,BBB_score_56d,BBB_score_63d,BBB_score_70d,Hargreaves_norm_BL,Hargreaves_norm_14dpi,Hargreaves_norm_21dpi,Hargreaves_norm_28dpi,Hargreaves_norm_35dpi,Hargreaves_norm_42dpi,Hargreaves_norm_49dpi,Hargreaves_norm_56dpi,Hargreaves_norm_63dpi,Hargreaves_norm_70dpi,"von Frey_norm_BL","von Frey_norm_14dpi","von Frey_norm_21dpi","von Frey_norm_28dpi","von Frey_norm_35dpi","von Frey_norm_42dpi","von Frey_norm_49dpi","von Frey_norm_56dpi","von Frey_norm_63dpi","von Frey_norm_70dpi",Acetone_norm_BL,Acetone_norm_14dpi,Acetone_norm_21dpi,Acetone_norm_28dpi,Acetone_norm_35dpi,Acetone_norm_42dpi,Acetone_norm_49dpi,Acetone_norm_56dpi,Acetone_norm_63dpi,Acetone_norm_70dpi
PAK_45,Rat,Sprague-Dawley,"Charles River ",6,226,Female,Naïve,"Dulin lab","Prakruthi Amar Kumar",Unpublished,No,,Perfusion,"Not applicable","Not applicable","Not applicable","Not applicable","Not applicable","Not applicable","Not applicable","Not applicable",21,21,21,21,21,21,21,21,21,21,21,21,21,1,1.15847348,1.080853816,1.067485985,1.10996119,1.019189306,0.912677878,1.202673566,0.986847779,1.315222078,,,,,,,,,,,1,1.5,1.5,1.5,1.666666667,1.5,1.5,1.666666667,1.666666667,1.666666667
PAK_46,Rat,Sprague-Dawley,"Charles River ",6,250,Female,Naïve,"Dulin lab","Prakruthi Amar Kumar",Unpublished,No,,Perfusion,"Not applicable","Not applicable","Not applicable","Not applicable","Not applicable","Not applicable","Not applicable","Not applicable",21,21,21,21,21,21,21,21,21,21,21,21,21,1,1.313753582,1.292502388,1.213705826,1.44269341,1.340735435,1.271012416,1.294412607,1.321872015,1.665472779,,,,,,,,,,,1,0.692307692,1.384615385,1.615384615,1.384615385,1.153846154,2.307692308,1.846153846,1.846153846,2.307692308
PAK_47,Rat,Sprague-Dawley,"Charles River ",6,200,Female,Naïve,"Dulin lab","Prakruthi Amar Kumar",Unpublished,No,,Perfusion,"Not applicable","Not applicable","Not applicable","Not applicable","Not applicable","Not applicable","Not applicable","Not applicable",21,21,21,21,21,21,21,21,21,21,21,21,21,1,1.116499443,1.217391304,1.290040877,1.246748421,1.24916388,1.247305834,1.057227796,1.238201412,1.258639911,,,,,,,,,,,1,1.2,2.1,2.1,3,2.4,2.1,2.1,2.4,1.5
PAK_48,Rat,Sprague-Dawley,"Charles River ",6,236,Female,Naïve,"Dulin lab","Prakruthi Amar Kumar",Unpublished,No,,Perfusion,"Not applicable","Not applicable","Not applicable","Not applicable","Not applicable","Not applicable","Not applicable","Not applicable",21,21,21,21,21,21,21,21,21,21,21,21,21,1,0.775906736,0.900978699,1.191565918,1.032671272,0.741220495,0.888025331,0.787852619,0.83347726,0.942429476,,,,,,,,,,,1,1.125,1.875,1.125,1.6875,1.5,1.6875,1.6875,1.5,1.5
PAK_49,Rat,Sprague-Dawley,"Charles River ",6,245,Female,Naïve,"Dulin lab","Prakruthi Amar Kumar",Unpublished,No,,Perfusion,"Not applicable","Not applicable","Not applicable","Not applicable","Not applicable","Not applicable","Not applicable","Not applicable",21,21,21,21,21,21,21,21,21,21,21,21,21,1,0.820157285,1.133692053,0.921978477,1.03580298,1.082988411,0.773592715,1.182119205,1.0625,1.099130795,,,,,,,,,,,1,2.666666667,2.666666667,2.333333333,3,3,3,3,2.666666667,3.333333333
PAK_50,Rat,Sprague-Dawley,"Charles River ",6,225,Female,Naïve,"Dulin lab","Prakruthi Amar Kumar",Unpublished,No,,Perfusion,"Not applicable","Not applicable","Not applicable","Not applicable","Not applicable","Not applicable","Not applicable","Not applicable",21,21,21,21,21,21,21,21,21,21,21,21,21,1,0.938108484,1.377607789,1.264719518,1.077654149,1.109643023,1.556560037,1.138154845,1.897774687,1.283495596,,,,,,,,,,,1,1.5,2.625,1.5,3.375,3.375,2.25,2.625,3,3
PAK_51,Rat,Sprague-Dawley,"Charles River ",6,206,Female,Naïve,"Dulin lab","Prakruthi Amar Kumar",Unpublished,No,,Perfusion,"Not applicable","Not applicable","Not applicable","Not applicable","Not applicable","Not applicable","Not applicable","Not applicable",21,21,21,21,21,21,21,21,21,21,21,21,21,1,1.22190408,0.979420186,1.018432355,1.126700072,1.12007874,1.026127416,1.321581961,1.190944882,1.191481747,,,,,,,,,,,1,1.5,1.666666667,1.5,1.5,1.5,1.5,1.666666667,1.666666667,1.666666667
PAK_9,Rat,Sprague-Dawley,"Charles River ",6,234,Female,SCI-hM4Di,"Dulin lab","Prakruthi Amar Kumar",Unpublished,No,,Perfusion,Contusion,IH,T10,n,Unremarkable,150,150,1270,21,0,0,3,8.5,8,9.5,10,11,11,10.5,11,10.5,1,1.021415426,1.1002175,0.954157604,0.974401874,1.321064079,0.958842229,0.972394178,1.181361887,0.947632592,1,4.390243902,5.853658537,1.902439024,3.146341463,3.146341463,4.390243902,3.146341463,4.390243902,3.146341463,,,,,,,,,,
PAK_11,Rat,Sprague-Dawley,"Charles River ",6,244,Female,SCI-hM4Di,"Dulin lab","Prakruthi Amar Kumar",Unpublished,No,,Perfusion,Contusion,IH,T10,n,Unremarkable,150,152,1040,21,0.5,1,7,12,12,13,13,13,13,13,13,13,1,1.085719184,1.054345963,1.136979256,0.94119664,0.834219098,0.891479513,0.983541917,0.902965884,0.960912052,1,4.186046512,1.255813953,1.813953488,4.186046512,4.186046512,4.186046512,4.186046512,3,4.186046512,,,,,,,,,,
PAK_12,Rat,Sprague-Dawley,"Charles River ",6,245,Female,SCI-hM4Di,"Dulin lab","Prakruthi Amar Kumar",Unpublished,No,,Perfusion,Contusion,IH,T10,n,Unremarkable,150,152,1040,21,0,0.5,6,12,12,13,12,13,13,13,13,13,1,1.238616251,1.090426388,0.965406275,1.213998391,1.179082864,1.017377313,1.179887369,0.900402253,0.95543041,1,10.98876404,1.752808989,2.359550562,2.898876404,2.528089888,4.04494382,2.359550562,4.04494382,4.04494382,,,,,,,,,,
PAK_14,Rat,Sprague-Dawley,"Charles River ",6,222,Female,SCI-hM4Di,"Dulin lab","Prakruthi Amar Kumar",Unpublished,No,,Perfusion,Contusion,IH,T10,n,Unremarkable,150,150,1023,21,0,0.5,7,11,13,13,13,14,14,13,13,13,1,1.100162266,1.139843635,1.092048975,1.044733737,1.318631067,1.00708069,0.905295766,1.07169199,1.173771943,1,6.075949367,1.367088608,1.974683544,2.848101266,4.556962025,0.683544304,3.265822785,3.265822785,1.556962025,,,,,,,,,,
PAK_16,Rat,Sprague-Dawley,"Charles River ",6,216,Female,SCI-hM4Di,"Dulin lab","Prakruthi Amar Kumar",Unpublished,No,,Perfusion,Contusion,IH,T10,n,Unremarkable,150,157,1164,21,0,1,2.5,9,10,10,10,11,10,10.5,10.5,12,1,1.003394894,0.973859316,0.903177621,1.065928843,0.887085823,0.693780554,0.945953286,0.862438892,0.933731668,1,3.364485981,2.411214953,2.411214953,4.485981308,3.364485981,4.485981308,3.364485981,3.364485981,3.364485981,,,,,,,,,,
PAK_24,Rat,Sprague-Dawley,"Charles River ",6,206,Female,SCI-hM4Di,"Dulin lab","Prakruthi Amar Kumar",Unpublished,No,,Perfusion,Contusion,IH,T10,n,Unremarkable,150,154,1075,21,0,0.5,3,10,10,12,12,13,10,12,12,11,1,0.964832362,0.923833819,0.977769679,0.772549198,0.863155977,1.054482507,0.967565598,1.036625364,0.753097668,1,3.146341463,1.902439024,1.5,2.743902439,3.146341463,2.743902439,4.390243902,1.902439024,3.146341463,,,,,,,,,,
PAK_26,Rat,Sprague-Dawley,"Charles River ",6,215,Female,SCI-hM4Di,"Dulin lab","Prakruthi Amar Kumar",Unpublished,Yes,"Died immediately after AAV injections","Mortality during surgery","Not applicable","Not applicable","Not applicable","Not applicable",Unremarkable,,,,,,,,,,,,,,,,,,,,,,,,,,,,,,,,,,,,,,,,,,,,,,
PAK_27,Rat,Sprague-Dawley,"Charles River ",6,218,Female,SCI-hM4Di,"Dulin lab","Prakruthi Amar Kumar",Unpublished,No,,Perfusion,Contusion,IH,T10,n,Unremarkable,150,156,1270,21,0.5,1,9,12,13,13,11,12,12,12,11,12,1,1.01614786,0.753891051,0.958365759,0.763035019,1.000389105,0.905447471,0.995136187,0.936575875,0.941828794,,,,,,,,,,,1,1.5,3,3,4,0,2,2.5,1.5,2.5
PAK_28,Rat,Sprague-Dawley,"Charles River ",6,216,Female,SCI-hM4Di,"Dulin lab","Prakruthi Amar Kumar",Unpublished,Yes,"Died immediately after AAV injections","Mortality during surgery","Not applicable","Not applicable","Not applicable","Not applicable",Unremarkable,,,,,,,,,,,,,,,,,,,,,,,,,,,,,,,,,,,,,,,,,,,,,,
PAK_31,Rat,Sprague-Dawley,"Charles River ",6,223,Female,SCI-hM4Di,"Dulin lab","Prakruthi Amar Kumar",Unpublished,No,,Perfusion,Contusion,IH,T10,n,Unremarkable,150,156,1058,21,0.5,3,6.5,11,12,13,10.5,11,11,12,11,11,1,0.696453247,0.964532474,0.780592661,0.825733149,0.723629664,0.847382159,0.751113158,0.859358207,0.912329188,,,,,,,,,,,1,1.8,1.2,1.8,1.8,1.2,2.4,0.6,1.2,1.2
PAK_32,Rat,Sprague-Dawley,"Charles River ",6,230,Female,SCI-hM4Di,"Dulin lab","Prakruthi Amar Kumar",Unpublished,No,,Perfusion,Contusion,IH,T10,n,Unremarkable,150,155,1058,21,0.5,0.5,6,12,13,13,12,12,13,11,11,10.5,1,0.522644928,0.650664251,0.671346618,0.853411836,0.836503623,0.6772343,0.837711353,1.068236715,1.010718599,,,,,,,,,,,1,1.4,0.8,0.8,1.2,1,1.6,1,0.8,0.8
PAK_34,Rat,Sprague-Dawley,"Charles River ",6,220,Female,SCI-hM4Di,"Dulin lab","Prakruthi Amar Kumar",Unpublished,No,,Perfusion,Contusion,IH,T10,n,Unremarkable,150,150,881,21,0,1,9,11,13,12,12,12,11,12,12,12,1,0.730640394,0.771034483,0.870738916,0.893990148,0.88591133,1.151527094,1.013596059,0.919408867,1.001773399,,,,,,,,,,,1,1.714285714,1.928571429,1.5,1.5,1.285714286,1.071428571,1.714285714,1.928571429,1.5
PAK_36,Rat,Sprague-Dawley,"Charles River ",6,220,Female,SCI-hM4Di,"Dulin lab","Prakruthi Amar Kumar",Unpublished,No,,Perfusion,Contusion,IH,T10,n,Unremarkable,150,154,1164,21,1,1,9,12,12,12,13,12,12,13,13,13,1,1.0679969,0.801046106,0.944595118,0.736342503,1.010073615,1.168539326,0.999806277,1.061604029,0.952150329,,,,,,,,,,,1,1.5,1.5,1.166666667,1.166666667,0.666666667,1,1,1.166666667,1
PAK_38,Rat,Sprague-Dawley,"Charles River ",6,234,Female,SCI-hM4Di,"Dulin lab","Prakruthi Amar Kumar",Unpublished,No,,Perfusion,Contusion,IH,T10,n,Unremarkable,150,152,1146,21,0.5,0.5,8,10.5,12,13,12,12,13,13,11,11,1,1.014766641,0.872226473,1.124942617,1.076281561,0.922723795,1.059296098,1.614078041,1.093267024,1.384544759,,,,,,,,,,,1,2.571428571,2.571428571,2.571428571,2.142857143,1.714285714,2.142857143,1.714285714,1.714285714,1.285714286
PAK_40,Rat,Sprague-Dawley,"Charles River ",6,224,Female,SCI-hM4Di,"Dulin lab","Prakruthi Amar Kumar",Unpublished,Yes,"Excluded from behavioral analysis because displacement of impactor probe was outside acceptable range",Perfusion,Contusion,IH,T10,n,Unremarkable,150,157,1728,21,0,0,0.5,2.5,3,3.5,3.5,4,3.5,5,5.5,6.5,1,0.750554392,0.732351854,0.839534311,0.775224837,0.808118763,0.666748799,0.893310336,0.92084514,1.047431317,,,,,,,,,,,1,1.8,1.8,1.8,1.2,1.6,1.6,1.6,1.6,1.4
PAK_41,Rat,Sprague-Dawley,"Charles River ",6,217,Female,SCI-hM4Di,"Dulin lab","Prakruthi Amar Kumar",Unpublished,No,,Perfusion,Contusion,IH,T10,n,Unremarkable,150,151,1305,21,0,0.5,3.5,9.5,13,12,12,11,12,12,12,11,1,0.83779294,0.740077128,0.871966775,0.777988727,0.957935331,0.808602788,1.099080392,0.868762978,0.867517057,,,,,,,,,,,1,5.4,5.4,4.2,4.8,4.2,4.8,5.4,5.4,4.8
PAK_1,Rat,Sprague-Dawley,"Charles River ",6,237,Female,SCI-YFP,"Dulin lab","Prakruthi Amar Kumar",Unpublished,No,,Perfusion,Contusion,IH,T10,n,Unremarkable,150,153,1234,21,0,0.5,6,9,10,10,10,10,10,11,12,12,1,0.994915142,1.055339101,1.21798851,1.083272799,1.209667833,1.144687314,1.079310573,0.974905897,1.091197253,1,2.411214953,0.953271028,0.644859813,0.588785047,0.841121495,0.897196262,0.588785047,2.411214953,2.411214953,,,,,,,,,,
PAK_2,Rat,Sprague-Dawley,"Charles River ",6,226,Female,SCI-YFP,"Dulin lab","Prakruthi Amar Kumar",Unpublished,Yes,"Excluded from behavioral analysis because displacement of impactor probe was outside acceptable range",Perfusion,Contusion,IH,T10,n,Unremarkable,150,150,1181,21,1,1.5,9,13,13,13,13,13,13,13,20,13,1,1.179526876,0.934852613,1.116175378,0.912558831,1.201077533,1.075860788,1.001548179,0.961976715,0.925191974,1,1.317073171,0.585365854,1.243902439,1.097560976,1.097560976,1.902439024,3.146341463,0.658536585,0.731707317,,,,,,,,,,
PAK_7,Rat,Sprague-Dawley,"Charles River ",6,230,Female,SCI-YFP,"Dulin lab","Prakruthi Amar Kumar",Unpublished,Yes,"Excluded from behavioral analysis because displacement of impactor probe was outside acceptable range",Perfusion,Contusion,IH,T10,n,Unremarkable,150,157,1640,21,0,0,0.5,3.5,3.5,5.5,5,5,5.5,5.5,5.5,7,1,1.014234875,1.070062278,1.220862989,1.043816726,1.096085409,1.006672598,1.098087189,1.048487544,1.005949733,1,14.51612903,2.903225806,1.258064516,1.258064516,1.814516129,1.258064516,2.080645161,2.903225806,2.903225806,,,,,,,,,,
PAK_8,Rat,Sprague-Dawley,"Charles River ",6,232,Female,SCI-YFP,"Dulin lab","Prakruthi Amar Kumar",Unpublished,No,,Perfusion,Contusion,IH,T10,n,Unremarkable,150,158,1040,21,0.5,1,7,9,9.5,10,12,10,10,10,12,11,1,1.063768756,1.128420124,1.352603707,1.109002648,1.424757282,1.192188879,1.233009709,1.46690203,1.303839365,1,1.213483146,1.078651685,2.528089888,1.146067416,1.382022472,2.898876404,0.842696629,2.898876404,1.752808989,,,,,,,,,,
PAK_15,Rat,Sprague-Dawley,"Charles River ",6,250,Female,SCI-YFP,"Dulin lab","Prakruthi Amar Kumar",Unpublished,No,,Perfusion,Contusion,IH,T10,n,Unremarkable,150,163,1128,21,0,0.5,6.5,9,10,10,10,10,10,12,12,10,1,0.917560867,1.146229557,0.942647821,0.931103382,1.068526604,1.136017169,1.05343003,1.35735958,1.052764005,1,8.780487805,0.780487805,1.829268293,0.87804878,1,2.097560976,1.707317073,1.707317073,0.829268293,,,,,,,,,,
PAK_20,Rat,Sprague-Dawley,"Charles River ",6,217,Female,SCI-YFP,"Dulin lab","Prakruthi Amar Kumar",Unpublished,No,,Perfusion,Contusion,IH,T10,n,Unremarkable,150,157,1093,21,0,0.5,3,8,9,10,10,10,10,11,10,12,1,0.716269013,0.765523412,0.743334327,0.95287802,0.805785863,0.786101998,0.911362959,0.863405905,1.150611393,1,4.207317073,1.317073171,1.243902439,0.914634146,1.097560976,1.317073171,1.317073171,3.146341463,4.390243902,,,,,,,,,,
PAK_25,Rat,Sprague-Dawley,"Charles River ",6,209,Female,SCI-YFP,"Dulin lab","Prakruthi Amar Kumar",Unpublished,No,,Perfusion,Contusion,IH,T10,n,Unremarkable,150,153,1217,21,0,0.5,3.5,9.5,12,12,12,12,12,12,12,12,1,0.825,1.066952055,0.905821918,0.937842466,1.061472603,0.982534247,1.064554795,0.870034247,1.030650685,,,,,,,,,,,1,4.8,3,4.2,4.8,3,3.6,4.8,4.2,4.8
PAK_29,Rat,Sprague-Dawley,"Charles River ",6,211,Female,SCI-YFP,"Dulin lab","Prakruthi Amar Kumar",Unpublished,No,,Perfusion,Contusion,IH,T10,n,Unremarkable,150,159,1199,21,0.5,4.5,8,12,12,12,12,12,12,11,12,11,1,0.801347533,1.10236905,0.883286242,1.07933058,0.941317105,1.118017822,1.246685503,1.495979135,1.223647033,,,,,,,,,,,1,2.307692308,2.076923077,2.307692308,1.846153846,1.384615385,1.615384615,1.615384615,1.615384615,2.076923077
PAK_30,Rat,Sprague-Dawley,"Charles River ",6,209,Female,SCI-YFP,"Dulin lab","Prakruthi Amar Kumar",Unpublished,Yes,"Died immediately after AAV injections","Mortality during surgery","Not applicable","Not applicable","Not applicable","Not applicable",Unremarkable,,,,,,,,,,,,,,,,,,,,,,,,,,,,,,,,,,,,,,,,,,,,,,
PAK_33,Rat,Sprague-Dawley,"Charles River ",6,229,Female,SCI-YFP,"Dulin lab","Prakruthi Amar Kumar",Unpublished,No,,Perfusion,Contusion,IH,T10,n,Unremarkable,150,158,1093,21,0.5,2.5,3.5,10,11,11,11,11,11,11,11,11,1,1.050641309,1.087129589,0.884343211,0.777753207,1.327509951,1.495134896,1.476559045,1.519018134,1.113666519,,,,,,,,,,,1,1,1.666666667,2,2,1.666666667,2,2,2.666666667,2.666666667
PAK_35,Rat,Sprague-Dawley,"Charles River ",6,228,Female,SCI-YFP,"Dulin lab","Prakruthi Amar Kumar",Unpublished,No,,Perfusion,Contusion,IH,T10,n,Unremarkable,150,155,"Software did not record",21,0.5,0,3,10,10.5,10,10,11,10,10,10,10,1,0.897796818,0.82252142,0.81374949,0.720930233,0.892696858,0.873929009,0.936760506,0.903100775,0.929620563,,,,,,,,,,,1,1.5,2.625,2.625,2.25,2.625,1.5,1.5,1.875,2.25
PAK_37,Rat,Sprague-Dawley,"Charles River ",6,233,Female,SCI-YFP,"Dulin lab","Prakruthi Amar Kumar",Unpublished,No,,Perfusion,Contusion,IH,T10,n,Unremarkable,150,155,1111,21,0.5,0.5,3.5,9,10,11,10.5,10.5,10.5,11,10.5,10.5,1,0.884120039,0.885691398,0.935974858,0.933571605,0.934311067,0.986073453,1.433448361,1.255052995,1.068338674,,,,,,,,,,,1,2.7,2.1,2.4,2.4,2.1,1.5,2.4,2.1,1.8
PAK_39,Rat,Sprague-Dawley,"Charles River ",6,233,Female,SCI-YFP,"Dulin lab","Prakruthi Amar Kumar",Unpublished,No,,Perfusion,Contusion,IH,T10,n,Unremarkable,150,153,1234,21,0,0,3.5,10.5,12,11,11,10.5,11,10,11,12,1,0.812531582,1.032718545,0.855166751,1.369252148,1.242673067,1.008084891,1.144706923,1.19359525,1.027602324,,,,,,,,,,,1,2.727272727,2.454545455,2.727272727,2.454545455,2.454545455,1.636363636,2.727272727,2.727272727,1.636363636
PAK_42,Rat,Sprague-Dawley,"Charles River ",6,213,Female,SCI-YFP,"Dulin lab","Prakruthi Amar Kumar",Unpublished,No,,Perfusion,Contusion,IH,T10,n,Unremarkable,150,152,917,21,0,1,9,10.5,12,11,11,12,12,12,12,11,1,0.772323221,0.902391466,0.863680679,0.981705569,0.911682055,1.07615989,1.390319436,1.176635889,0.972759076,,,,,,,,,,,1,1.714285714,0.857142857,0.428571429,0.857142857,1.714285714,0.857142857,1.285714286,1.285714286,0.857142857
PAK_43,Rat,Sprague-Dawley,"Charles River ",6,209,Female,SCI-YFP,"Dulin lab","Prakruthi Amar Kumar",Unpublished,No,,Perfusion,Contusion,IH,T10,n,Unremarkable,150,156,987,21,0.5,1,9,11,12,12,12,12,11,12,11,12,1,0.844610741,0.830084266,0.844610741,0.881964533,1.014966671,1.086655767,1.089674255,1.222487737,1.071563325,,,,,,,,,,,1,2.1,2.4,2.7,2.4,2.7,2.4,2.7,2.7,1.2
PAK_44,Rat,Sprague-Dawley,"Charles River ",6,243,Female,SCI-YFP,"Dulin lab","Prakruthi Amar Kumar",Unpublished,No,,Perfusion,Contusion,IH,T10,n,Unremarkable,150,161,846,21,1,3,8,11,12,12,12,12,12,13,12,12,1,0.838736924,0.96426483,0.757845494,0.90734845,1.03852901,1.209667988,1.094275876,1.276720161,1.081606133,,,,,,,,,,,1,2,1,4.5,2.5,1.5,2,2,2,0.5
PAK_3,Rat,Sprague-Dawley,"Charles River ",6,245,Female,Sham-hM4Di,"Dulin lab","Prakruthi Amar Kumar",Unpublished,No,,Perfusion,Sham,"Not applicable","Not applicable","Not applicable",Unremarkable,0,0,0,21,21,21,21,21,21,21,21,21,21,21,21,21,1,1.279548784,0.915030765,0.971462057,0.917491943,1.027190155,0.926457662,0.697919719,0.864752417,0.783885145,1,0.788461538,1,0.576923077,1,1,1.653846154,0.788461538,1,0.788461538,,,,,,,,,,
PAK_4,Rat,Sprague-Dawley,"Charles River ",6,240,Female,Sham-hM4Di,"Dulin lab","Prakruthi Amar Kumar",Unpublished,No,,Perfusion,Sham,"Not applicable","Not applicable","Not applicable",Unremarkable,0,0,0,21,21,21,21,21,21,21,21,21,21,21,21,21,1,0.864570022,0.985194651,0.889443007,1.036249727,1.083751519,0.838200916,1.09665555,0.818751364,0.861577783,1,0.658536585,0.841463415,0.585365854,1.097560976,0.914634146,1.5,0.585365854,0.585365854,0.658536585,,,,,,,,,,
PAK_5,Rat,Sprague-Dawley,"Charles River ",6,237,Female,Sham-hM4Di,"Dulin lab","Prakruthi Amar Kumar",Unpublished,No,,Perfusion,Sham,"Not applicable","Not applicable","Not applicable",Unremarkable,0,0,0,21,21,21,21,21,21,21,21,21,21,21,21,21,1,1.640927381,1.365778885,1.316344127,1.267292585,1.12550297,1.149837134,1.149645526,1.237018586,1.364437632,1,0.892857143,1.857142857,0.892857143,0.892857143,0.892857143,0.892857143,1.071428571,1.285714286,1.857142857,,,,,,,,,,
PAK_10,Rat,Sprague-Dawley,"Charles River ",6,233,Female,Sham-hM4Di,"Dulin lab","Prakruthi Amar Kumar",Unpublished,No,,Perfusion,Sham,"Not applicable","Not applicable","Not applicable",Unremarkable,0,0,0,21,21,21,21,21,21,21,21,21,21,21,21,21,1,1.534686971,1.39142696,1.481669487,1.128595601,1.352885881,1.136867832,1.072006016,1.479225418,1.129159616,1,0.627906977,1.430232558,0.872093023,0.872093023,0.872093023,0.872093023,0.872093023,0.872093023,0.872093023,,,,,,,,,,
PAK_18,Rat,Sprague-Dawley,"Charles River ",6,247,Female,Sham-hM4Di,"Dulin lab","Prakruthi Amar Kumar",Unpublished,No,,Perfusion,Sham,"Not applicable","Not applicable","Not applicable",Unremarkable,0,0,0,21,21,21,21,21,21,21,21,21,21,21,21,21,1,0.877014964,0.949264659,0.910731488,0.925759425,0.861023698,0.887226254,0.882409608,0.997623788,0.953503307,1,0.456521739,0.543478261,0.891304348,0.391304348,0.391304348,0.652173913,0.434782609,0.652173913,1.869565217,,,,,,,,,,
PAK_23,Rat,Sprague-Dawley,"Charles River ",6,230,Female,Sham-hM4Di,"Dulin lab","Prakruthi Amar Kumar",Unpublished,No,,Perfusion,Sham,"Not applicable","Not applicable","Not applicable",Unremarkable,0,0,0,21,21,21,21,21,21,21,21,21,21,21,21,21,1,0.57179886,0.653706584,0.950233281,0.776049767,0.69224123,0.623984794,0.800241922,0.909106618,0.897874546,1,1.4375,2.5625,1.5625,1.4375,1.875,1,1.5625,2.5625,1,,,,,,,,,,
PAK_6,Rat,Sprague-Dawley,"Charles River ",6,223,Female,Sham-YFP,"Dulin lab","Prakruthi Amar Kumar",Unpublished,No,,Perfusion,Sham,"Not applicable","Not applicable","Not applicable",Unremarkable,0,0,0,21,21,21,21,21,21,21,21,21,21,21,21,21,1,1.602826546,1.151307642,1.285495738,1.321993152,1.404604065,0.962919793,1.348000291,1.108909449,1.39498798,1,0.78343949,0.993630573,0.78343949,0.78343949,0.477707006,0.78343949,0.305732484,0.477707006,0.649681529,,,,,,,,,,
PAK_13,Rat,Sprague-Dawley,"Charles River ",6,232,Female,Sham-YFP,"Dulin lab","Prakruthi Amar Kumar",Unpublished,No,,Perfusion,Sham,"Not applicable","Not applicable","Not applicable",Unremarkable,0,0,0,21,21,21,21,21,21,21,21,21,21,21,21,21,1,1.254600607,1.347219414,1.196562184,1.233569262,1.124165824,1.043276036,1.133063701,1.229726997,1.131850354,1,0.907894737,0.631578947,0.552631579,0.789473684,0.986842105,1.421052632,0.710526316,0.986842105,0.907894737,,,,,,,,,,
PAK_17,Rat,Sprague-Dawley,"Charles River ",6,239,Female,Sham-YFP,"Dulin lab","Prakruthi Amar Kumar",Unpublished,No,,Perfusion,Sham,"Not applicable","Not applicable","Not applicable",Unremarkable,0,0,0,21,21,21,21,21,21,21,21,21,21,21,21,21,1,1.007327685,1.043050149,1.166246851,1.100755668,1.01511335,1.026791848,0.986489581,1.058621479,1.271811312,1,1.732394366,0.845070423,0.845070423,1.267605634,1.056338028,1.521126761,1.056338028,0.845070423,0.76056338,,,,,,,,,,
PAK_19,Rat,Sprague-Dawley,"Charles River ",6,227,Female,Sham-YFP,"Dulin lab","Prakruthi Amar Kumar",Unpublished,No,,Perfusion,Sham,"Not applicable","Not applicable","Not applicable",Unremarkable,0,0,0,21,21,21,21,21,21,21,21,21,21,21,21,21,1,0.829239107,0.845498698,0.829239107,0.818469768,0.988034068,0.755754206,0.835151686,0.895755613,0.995635954,1,0.60483871,0.483870968,0.725806452,0.870967742,0.725806452,0.870967742,0.387096774,0.483870968,0.822580645,,,,,,,,,,
PAK_21,Rat,Sprague-Dawley,"Charles River ",6,218,Female,Sham-YFP,"Dulin lab","Prakruthi Amar Kumar",Unpublished,No,,Perfusion,Sham,"Not applicable","Not applicable","Not applicable",Unremarkable,0,0,0,21,21,21,21,21,21,21,21,21,21,21,21,21,1,0.798231511,0.741408762,0.977090032,0.79340836,1.061495177,1.089630225,1.209405145,0.897508039,1.181672026,1,0.685714286,1.457142857,0.857142857,1.757142857,1.542857143,1.542857143,1.457142857,1.542857143,1.071428571,,,,,,,,,,
PAK_22,Rat,Sprague-Dawley,"Charles River ",6,229,Female,Sham-YFP,"Dulin lab","Prakruthi Amar Kumar",Unpublished,No,,Perfusion,Sham,"Not applicable","Not applicable","Not applicable",Unremarkable,0,0,0,21,21,21,21,21,21,21,21,21,21,21,21,21,1,0.91875,1.163867188,1.23046875,1.062304688,1.421289063,1.109375,1.314648438,1.210546875,1.096289063,1,0.487804878,1,1.268292683,1.268292683,0.731707317,1,2.097560976,2.097560976,1.268292683,,,,,,,,,,
